outputs/plasmid_maps/1_OP_G1c_SL14_iSBH_giraffe_TRIG.dna,CCACGGATGCGTAGTGTGAACGTACGGACAGAAGCGACTAGCGAAGCA
outputs/plasmid_maps/2_OP_G1c_SL14_iSBH_giraffe_1xCTS.dna,CTAGACAGTCGCGTGTAGCGAAGCAAGGGG
outputs/plasmid_maps/3_OP_G2c_SL14_iSBH_giraffe_TRIG.dna,CCACTGTTAGGGATGTTCGACTAAGCTGGTATCTCGCTGTACTGTCCT
outputs/plasmid_maps/4_OP_G2c_SL14_iSBH_giraffe_1xCTS.dna,CTAGAGTAAGTCGGAGTACTGTCCTAGGGG
outputs/plasmid_maps/5_OP_G3c_SL14_iSBH_giraffe_TRIG.dna,CCACTGTATTCACTGGTCCCATCCCACTCATTCCATACTTCCCGCCTC
outputs/plasmid_maps/6_OP_G3c_SL14_iSBH_giraffe_1xCTS.dna,CTAGACATGACATTATTCCCGCCTCAGGGG
outputs/plasmid_maps/7_OP_G4c_SL14_iSBH_giraffe_TRIG.dna,CCACTTGATGTGGGGAGCGACAGCTGTTCCATTTAAGTACTAGCAGGA
outputs/plasmid_maps/8_OP_G4c_SL14_iSBH_giraffe_1xCTS.dna,CTAGACCAGGTAATGACTAGCAGGAAGGGG
outputs/plasmid_maps/9_OP_G5c_SL14_iSBH_giraffe_TRIG.dna,CCACTGGACGAACAAGATAGCTACCTCGGCAGAACTGGAGTAAGAGTC
outputs/plasmid_maps/10_OP_G5c_SL14_iSBH_giraffe_1xCTS.dna,CTAGAGCACTACTTCAGTAAGAGTCAGGGG
