G1_SL25_giraffe_trigger,Sl14_giraffe_design,TCCCCGAGGGAGTCATCTGTCCGTACGTTCACACTACGCATCCCGAAAATACAAACACTTGAAGCCCTCGGGGA,156197.2341,GGGATGCGTAGTGTGAACGTACGG
G1_SL25_giraffe_trigger,Sl16_giraffe_design,TCCCCGAGGGAGTCATCTGTCCGTACGTTCACACTACGCATCCCAAGAAAATACAAACACTTGAAGCCCTCGGGGA,149518.291,TTGGGATGCGTAGTGTGAACGTACGG
G1_SL25_giraffe_trigger,Sl16_giraffe_design,TCCCCGAGGGAGTCATCTGTCCGTACGTTCACACTACGCATCCCAAGAAATTACAAACACTTGAAGCCCTCGGGGA,148608.4459,TTGGGATGCGTAGTGTGAACGTACGG
G1_SL25_giraffe_trigger,Sl16_giraffe_design,TCCCCGAGGGAGTCACTTCTGTCCGTACGTTCACACTACGCATCCCACGGTCGGTAAGACTTGAAGCCCTCGGGGA,124664.55,GGGATGCGTAGTGTGAACGTACGGAC
G1_SL25_giraffe_trigger,Sl16_giraffe_design,TCCCCGAGGGAGTCACTTCTGTCCGTACGTTCACACTACGCATCCCACGCTCGGTAAGACTTGAAGCCCTCGGGGA,113967.5077,GGGATGCGTAGTGTGAACGTACGGAC
G1_SL25_giraffe_trigger,Sl16_giraffe_design,TCCCCGAGGGAGTCACTTCTGTCCGTACGTTCACACTACGCATCCCACGATCGGTAAGACTTGAAGCCCTCGGGGA,107779.6505,GGGATGCGTAGTGTGAACGTACGGAC
G1_SL25_giraffe_trigger,Sl16_giraffe_design,TCCCCGAGGGAGTCACTTCTGTCCGTACGTTCACACTACGCATCCCACGGCCGGTAAGACTTGAAGCCCTCGGGGA,100765.067,GGGATGCGTAGTGTGAACGTACGGAC
G1_SL25_giraffe_trigger,Sl16_giraffe_design,TCCCCGAGGGAGTCATTCTGTCCGTACGTTCACACTACGCATCCCAAACAGACGCTCAGCTTGAAGCCCTCGGGGA,74125.21405,TGGGATGCGTAGTGTGAACGTACGGA
G1_SL25_giraffe_trigger,Sl16_giraffe_design,TCCCCGAGGGAGTCATTCTGTCCGTACGTTCACACTACGCATCCCAAACAGACGATCAGCTTGAAGCCCTCGGGGA,68883.23701,TGGGATGCGTAGTGTGAACGTACGGA
G1_SL25_giraffe_trigger,Sl14_giraffe_design,TCCCCGAGGGAGTCACTGTCCGTACGTTCACACTACGCATCCCATGATAGTAATGACCTTGAAGCCCTCGGGGA,64867.15644,TGGGATGCGTAGTGTGAACGTACG
G1_SL25_giraffe_trigger,Sl14_giraffe_design,TCCCCGAGGGAGTCACTGTCCGTACGTTCACACTACGCATCCCATGATAGTAAAGACCTTGAAGCCCTCGGGGA,64660.53673,TGGGATGCGTAGTGTGAACGTACG