OP_G1c_SL14_iSBH_giraffe_trig_fw,CCACGGATGCGTAGTGTGAACGTACGGACAGAAGCGACTAGCGAAGCA
OP_G1c_SL14_iSBH_giraffe_trig_rw,GCATTGCTTCGCTAGTCGCTTCTGTCCGTACGTTCACACTACGCATCC
OP_G1c_SL14_iSBH_giraffe_CTS_fw,CTAGACAGTCGCGTGTAGCGAAGCAAGGGG
OP_G1c_SL14_iSBH_giraffe_CTS_rw,CGCGCCCCTTGCTTCGCTACACGCGACTGT

OP_G2c_SL14_iSBH_giraffe_trig_fw,CCACTGTTAGGGATGTTCGACTAAGCTGGTATCTCGCTGTACTGTCCT
OP_G2c_SL14_iSBH_giraffe_trig_rw,GCATAGGACAGTACAGCGAGATACCAGCTTAGTCGAACATCCCTAACA
OP_G2c_SL14_iSBH_giraffe_CTS_fw,CTAGAGTAAGTCGGAGTACTGTCCTAGGGG
OP_G2c_SL14_iSBH_giraffe_CTS_rw,CGCGCCCCTAGGACAGTACTCCGACTTACT

OP_G3c_SL14_iSBH_giraffe_trig_fw,CCACTGTATTCACTGGTCCCATCCCACTCATTCCATACTTCCCGCCTC
OP_G3c_SL14_iSBH_giraffe_trig_rw,GCATGAGGCGGGAAGTATGGAATGAGTGGGATGGGACCAGTGAATACA
OP_G3c_SL14_iSBH_giraffe_CTS_fw,CTAGACATGACATTATTCCCGCCTCAGGGG
OP_G3c_SL14_iSBH_giraffe_CTS_rw,CGCGCCCCTGAGGCGGGAATAATGTCATGT

OP_G4c_SL14_iSBH_giraffe_trig_fw,CCACTTGATGTGGGGAGCGACAGCTGTTCCATTTAAGTACTAGCAGGA
OP_G4c_SL14_iSBH_giraffe_trig_rw,GCATTCCTGCTAGTACTTAAATGGAACAGCTGTCGCTCCCCACATCAA
OP_G4c_SL14_iSBH_giraffe_CTS_fw,CTAGACCAGGTAATGACTAGCAGGAAGGGG
OP_G4c_SL14_iSBH_giraffe_CTS_rw,CGCGCCCCTTCCTGCTAGTCATTACCTGGT

OP_G5c_SL14_iSBH_giraffe_trig_fw,CCACTGGACGAACAAGATAGCTACCTCGGCAGAACTGGAGTAAGAGTC
OP_G5c_SL14_iSBH_giraffe_trig_rw,GCATGACTCTTACTCCAGTTCTGCCGAGGTAGCTATCTTGTTCGTCCA
OP_G5c_SL14_iSBH_giraffe_CTS_fw,CTAGAGCACTACTTCAGTAAGAGTCAGGGG
OP_G5c_SL14_iSBH_giraffe_CTS_rw,CGCGCCCCTGACTCTTACTGAAGTAGTGCT

